Country,City,Longitude,Latitude,Community,Size,Pct_evangelical_christians,Pct_of_jews,SM_followers,SM_coverage_rate
Georgia,Alpharetta,-84.2941,34.0754,Christian_evangelists_influences,66566,0.299987982,0.028693327,781947,409.3963351
Georgia,Alpharetta,-84.250926,34.057724,Evangelical_community,66255,0.30186401,0.0075466,38309,76.618
California,Aptos,-121.904,36.9786,Evangelical_community,6220,0.321543408,0.008038585,9499,189.98
North carolina,Asheville,-82.537711,35.610154,Evangelical_community,93350,0.26780932,0.012854847,521,0.434166667
Georgia,Athens,-83.377322,33.949582,Evangelical_community,127315,0.196363351,0.011781801,208,0.138666667
Georgia,Atlanta,-84.388,33.749,Christian_evangelists_influences,498715,0.299998997,0.023861324,1542484,129.6205042
Georgia,Atlanta,-84.387982,33.748995,Evangelical_community,498715,0.200515324,0.070180364,150392,4.296914286
Georgia,Atlanta,-84.3265,33.8166,Jewish_community,498715,0.299998997,0.023861324,5901,0.495882353
Texas,Austin,-97.6,30.24,Evangelical_community,978908,0.102154646,0.008172372,27871,3.483875
Texas,Austin,-97.7431,30.2672,Jewish_community,978908,0.102154646,0.008172372,5100,0.6375
Georgia,Bethlehem,-83.706432,33.934236,Evangelical_community,601,0.332778702,0.016638935,662,66.2
California,Beverly Hills,-118.40094,34.06944,Evangelical_community,34362,0.291019149,0.029101915,29000,29
North carolina,Boone,-81.674679,36.216799,Evangelical_community,19205,0.312418641,0.015620932,101,0.336666667
Montana,Bozeman,-111.0134419,45.67216095,Jewish_community,46400,0.5,0.002155172,4800,48
Tennessee,Brentwood,-86.7828,36.0331,Jewish_community,43268,0.5,0.011555884,1600,3.2
Indiana,Carmel,-86.1093,39.9784,Evangelical_community,101068,0.197886571,0.009894329,19000,19
Texas,Carrollton,-96.92887,32.964293,Evangelical_community,133434,0.299773671,0.007494342,18000,18
North carolina,Cary,-78.835713,35.788202,Evangelical_community,170282,0.352356679,0.017617834,3082,1.027333333
North Carolina,Charlotte,-80.9,35.1466,Jewish_community,874579,0.2999992,0.015881927,2600,0.187185025
North carolina,Charlotte,-80.8431,35.2271,Christian_evangelists_influences,874579,0.2999992,0.015881927,11309563,814.2233981
North carolina,Charlotte,-80.74253,35.3,Evangelical_community,874579,0.171511093,0.011434073,330989,33.0989
Tennessee,Chattanooga,-85.3097,35.0456,Jewish_community,181099,0.500002761,0.008282762,3100,2.066666667
California,Chula Vista,-117.084196,32.640053,Evangelical_community,277220,0.288579468,0.01082173,15060,5.02
North carolina,Clayton,-78.456863,35.635548,Evangelical_community,21405,0.303667367,0.009343611,151,0.755
Georgia,Columbus,-84.975315,32.540287,Evangelical_community,206922,0.241636945,0.014498217,1361,0.453666667
Ohio,Columbus,-82.9988,39.9612,Christian_evangelists_influences,878553,0.300000114,0.029002234,7914,0.310596546
California,Corona,-117.5581,33.85835,Evangelical_community,160508,0.311510953,0.012460438,1788,0.894
California,Costa Mesa,-117.918669,33.641131,Evangelical_community,112822,0.221587988,0.013295279,5445,3.63
Georgia,Cumming,-84.135378,34.207319,Evangelical_community,6415,0.311769291,0.007794232,11548,230.96
Georgia,Dallas,-84.841925,33.920436,Evangelical_community,14042,0.356074633,0.014242985,129740,648.7
Texas,Dallas,-96.797,32.7767,Christian_evangelists_influences,1356789,0.299999484,0.039062817,15711090,296.4356604
Texas,Dallas,-96.868724,32.726073,Evangelical_community,1347120,0.111348655,0.014846487,126041,6.30205
Texas,Dallas,-96.5,33.7767,Jewish_community,1356789,0.299999484,0.039062817,7000,0.132075472
Georgia,Decatur,-84.296312,33.77483,Evangelical_community,24928,0.320924262,0.020057766,15943,31.886
Colorado,Denver,-104.9903,39.7392,Christian_evangelists_influences,716492,0.299999163,0.025122402,5301,0.2945
North carolina,Denver,-81.029739,35.541136,Evangelical_community,2309,0.433087917,0.021654396,1653,33.06
Georgia,Dunwoody,-84.3346,33.9462,Jewish_community,49300,0.5,0.030425963,6700,4.466666667
North Carolina,Durham,-78.8,35.9,Jewish_community,278993,0.286745546,0.014337277,2486,0.6215
North carolina,Durham,-78.9083,35.9887,Evangelical_community,278993,0.286745546,0.014337277,359,0.08975
Oklahoma,Edmond,-97.5,35.6,Christian_evangelists_influences,94196,0.300002123,0.019321415,2276054,1250.579121
Oklohoma,Edmond,-97.4,35.5,Evangelical_community,94054,0.531609501,0.01063219,67699,67.699
California,El Cajon,-116.96252,32.79477,Evangelical_community,102894,0.194374793,0.00485937,122000,244
Texas,El Paso,-106.485,31.7619,Jewish_community,678815,0.500000737,0.008838933,1100,0.183333333
Georgia,Fayetteville,-84.452048,33.450393,Evangelical_community,18957,0.316505776,0.010550193,1980,9.9
North carolina,Fayetteville,-78.911947,35.061563,Evangelical_community,211657,0.188985009,0.014173876,1683,0.561
Montana,Fenton,-90.4426,38.5137,Christian_evangelists_influences,40538,0.299990133,0.014554245,11157790,18911.50847
Texas,Flower Mound,-97,33.0146,Christian_evangelists_influences,79155,0.299993683,0.010106753,376545,470.68125
Texas,Flower Mound,-97.1,33,Evangelical_community,79135,0.252732672,0.010109307,99000,123.75
Florida,Fort Lauderdale,-80.1373,26.1224,Evangelical_community,180072,0.199920032,0.016660003,57000,19
Texas,Friendswood,-95.201044,29.529399,Evangelical_community,39839,0.376515475,0.012550516,970,1.94
Texas,Frisco,-96.839249,33.143837,Evangelical_community,200490,0.349144596,0.01496334,4830,1.61
Texas,Grapevine,-97.078065,32.934292,Evangelical_community,54901,0.364292089,0.009107302,51802,103.604
North Carolina,Greensboro,-79.792,36.0726,Jewish_community,296710,0.269623538,0.013481177,1065,0.26625
North carolina,Greensboro,-79.81348,36.07868,Evangelical_community,296710,0.269623538,0.013481177,678,0.1695
Montana,Helena,-112.0245,46.5884,Jewish_community,32300,0.5,0.003095975,748,7.48
Texas,Houston,-95.3698,29.7604,Christian_evangelists_influences,2312717,0.300504558,0.020322417,10124597,215.4169574
Texas,Houston,-95,29.83,Evangelical_community,2325502,0.086002936,0.021500734,1616374,32.32748
Texas,Houston,-95.3698,29.5,Jewish_community,2312717,0.300504558,0.020322417,2609,0.055510638
Indiana,Indianapolis,-86.1581,39.7684,Christian_evangelists_influences,876384,0.300449346,0.019968416,4090,0.233714286
California,Irvine,-117.79447,33.6846,Evangelical_community,307670,0.260018851,0.013000943,23728,5.932
Florida,Jacksonville,-81.6557,30.3322,Evangelical_community,892062,0.201779697,0.005604992,34000,6.8
Georgia,Johns Creek,-84.198579,34.02401,Evangelical_community,82453,0.303203037,0.006064061,11000,22
Montana,Kalispell,-114.312,48.1958,Evangelical_community,25000,0.2,0.002,10000,200
Montana,Kansas City,-94.5786,39.0997,Christian_evangelists_influences,508090,0.3,0.030506406,28460,1.836129032
Tennessee,Knoxville,-83.9207,35.9606,Jewish_community,188085,0.499997342,0.007975118,1600,1.066666667
California,Lake Forest,-117.6841,33.6469,Christian_evangelists_influences,85809,0.300003496,0.011653789,11177993,11177.993
California,Lake Forest,-117.72,33.5,Evangelical_community,86346,0.231626248,0.023162625,251411,125.7055
Nevada,Las Vegas,-115.1398,36.1699,Christian_evangelists_influences,641903,0.300000156,0.010936232,39030,5.55982906
Nevada,Las Vegas,-115.2,36,Jewish_community,641903,0.300000156,0.010936232,8571,1.220940171
Georgia,Lawrenceville,-83.987962,33.956214,Evangelical_community,30834,0.324317312,0.025945385,13454,16.8175
Kentucky,Lexington,-84.5037,38.0406,Jewish_community,323152,0.5,0.018567114,1123,0.187166667
Georgia,Lithonia,-84.143123,33.723801,Evangelical_community,2828,0.353606789,0.003536068,19084,1908.4
Florida,Longwood,-81.3469,28.7039,Evangelical_community,155355,0.193106112,0.012873741,23000,11.5
California,Los Angeles,-118.243683,34.052235,Evangelical_community,3979576,0.125641526,0.025128305,61081,0.61081
Kentucky,Louisville,-85.7585,38.2527,Jewish_community,615924,0.5,0.013800404,9822,1.155529412
Texas,Lubbock,-101.87893,33.58,Evangelical_community,258862,0.23178373,0.003863062,41734,41.734
Florida,Lutz,-82.4661,28.1511,Evangelical_community,228742,0.174869504,0.013115213,16000,5.333333333
Georgia,Marietta,-84.422054,33.975763,Evangelical_community,60867,0.246438957,0.019715117,2692,2.243333333
North carolina,Marion,-82.00963,35.684,Evangelical_community,7838,0.318958918,0.012758357,7200,72
Texas,Mesquite,-96.59916,32.76726,Evangelical_community,144788,0.345332486,0.00690665,1181,1.181
Georgia,Milner,-84.1938,33.126,Evangelical_community,617,0.405186386,0.008103728,755,151
Minnesota,Minneapolis,-93.265,45.1,Christian_evangelists_influences,429606,0.299998138,0.056330684,1017860,42.06033058
Minnesota,Minneapolis,-93.265,45,Jewish_community,429606,0.299998138,0.056330684,4700,0.194214876
Minnesota,Minnetonka,-93.5033,44.9,Jewish_community,53999,0.500009259,0.046297154,1100,0.44
Montana,Missoula,-113.994,46.8721,Jewish_community,75223,0.500006647,0.001329381,1895,18.95
Tennessee,Nashville,-86.7816,36.1627,Christian_evangelists_influences,669053,0.300000149,0.012256129,514269,62.71573171
Tennessee,Nashville,-86.7,36,Jewish_community,669053,0.300000149,0.012256129,972,0.118536585
Georgia,Norcross,-84.210976,33.941212,Evangelical_community,16563,0.362253215,0.018112661,44476,148.2533333
Oklahoma,Norman,-97.4395,35.2226,Jewish_community,123471,0.49999595,0.004049534,42,0.084
Tennessee,Oak Ridge,-84.2696,36.0104,Jewish_community,29374,0.5,0.001021311,887,29.56666667
Oklahoma,Oklahoma City,-97.521,35.4685,Jewish_community,655057,0.305316942,0.006106339,4329,1.08225
Oklohoma,Oklahoma City,-97.478096,35.65283,Evangelical_community,655057,0.305316942,0.006106339,39000,9.75
Florida,Orlando,-81.3792,28.5383,Evangelical_community,287442,0.208737763,0.013915851,21700,5.425
Arizona,Phoenix,-112.074,33.4484,Christian_evangelists_influences,1680992,0.199999762,0.049375607,453512,5.464
Texas,Plano,-96.801972,33.060174,Evangelical_community,288061,0.347148694,0.027771896,14016,1.752
California,Porter Ranch,-118.57028,34.28055,Evangelical_community,30571,0.327107389,0.016355369,57286,114.572
North Carolina,Raleigh,-78.6382,35.7796,Jewish_community,474069,0.210939758,0.012656385,1100,0.183333333
North carolina,Raleigh,-78.61,35.851338,Evangelical_community,474069,0.210939758,0.012656385,2467,0.411166667
Nevada,Reno,-119.8138,39.5296,Jewish_community,255601,0.500001956,0.023474087,873,0.1455
Texas,Richmond,-95.76078,29.580764,Evangelical_community,12489,0.40035231,0.016014092,16000,80
California,Riverside,-117.396156,33.95335,Evangelical_community,314998,0.317462333,0.01904774,26301,4.3835
Georgia,Rome,-85.18752,34.257038,Evangelical_community,36742,0.272168091,0.010886724,337,0.8425
Indiana,Saint John,-87.4719,41.4505,Evangelical_community,17693,0.22607811,0.002825976,3400,68
Texas,San Antonio,-98.4936,29.4241,Christian_evangelists_influences,1547253,0.200000259,0.009694601,1288696,85.91306667
Texas,San Antonio,-98.616241,29.501306,Evangelical_community,1434625,0.174261567,0.006970463,138315,13.8315
Texas,San Antonio,-98.4936,29.4241,Jewish_community,1547253,0.200000259,0.009694601,2300,0.153333333
Georgia,Savannah,-81.1096,32.0035,Jewish_community,145000,0.5,0.024137931,9078,2.593714286
Indiana,Shelbyville,-85.7667,39.5234,Evangelical_community,19191,0.260538794,0.007816164,1500,10
Texas,Southlake,-97.134178,32.941236,Evangelical_community,31292,0.319570497,0.009587115,285944,953.1466667
Texas,Spring,-95.4166,30.065,Evangelical_community,60000,0.5,0.008333333,36,0.072
Minnesota,St. Paul,-93.09,44.9537,Jewish_community,307193,0.500001628,0.1302113,1657,0.041425
Georgia,Sugar Hill,-84.039413,34.111669,Evangelical_community,21747,0.321883478,0.013795006,20198,67.32666667
California,Sun Valley,-118.41357,34.23963,Evangelical_community,81788,0.244534651,0.012226733,138548,138.548
Texas,The Woodlands,-95.46132,30.16582,Evangelical_community,116278,0.258002374,0.00430004,36796,73.592
Oklahoma,Tulsa,-95.99,36.2,Jewish_community,402742,0.372446877,0.003724469,1853,1.235333333
Oklohoma,Tulsa,-95.9,36.1215,Evangelical_community,402742,0.372446877,0.003724469,92992,61.99466667
Georgia,Valdosta,-83.289892,30.848927,Evangelical_community,56457,0.318826718,0.010627557,1456,2.426666667
Virginia,Vienna,-77.2653,38.9012,Christian_evangelists_influences,16125,0.2,0.012403101,248000,1240
Texas,Waco,-97.146669,31.549333,Evangelical_community,138486,0.216628396,0.003610473,12965,25.93
North carolina,Wake Forest,-78.520138,35.991953,Evangelical_community,45629,0.438317737,0.010957943,2400,4.8
Georgia,Warner Robins,-83.615544,32.613001,Evangelical_community,79589,0.314113759,0.01256455,12000,12
North carolina,Wilmington,-77.881778,34.211394,Evangelical_community,122610,0.244678248,0.020389854,1045,0.418
North Carolina,Winston-Salem,-80.2442,36.0999,Jewish_community,246328,0.5,0.012178883,1400,0.466666667
Georgia,Woodstock,-84.519375,34.101487,Evangelical_community,33039,0.363207119,0.01513363,5777,11.554
North carolina,Youngsville,-78.487628,36.041726,Evangelical_community,1307,0.382555471,0.015302219,2900,145
